[
  {
    "id": "/subscriptions/e7e0ef95-773f-4eb1-bdcd-7f225965bdaa/resourceGroups/VstsRG-sivanagireddy-a4f4/providers/Microsoft.Resources/deployments/Deploy_DevOps_Project_cc-service/operations/FB3D371F1B1B58B4",
    "operationId": "FB3D371F1B1B58B4",
    "properties": {
      "provisioningOperation": "Create",
      "provisioningState": "Succeeded",
      "timestamp": "2018-11-27T06:46:56.6978814Z",
      "duration": "PT1.8530017S",
      "trackingId": "ed71a04c-28fc-4b1c-b763-0ed9ccad1234",
      "statusCode": "OK",
      "targetResource": {
        "id": "/subscriptions/e7e0ef95-773f-4eb1-bdcd-7f225965bdaa/resourceGroups/VstsRG-sivanagireddy-a4f4/providers/microsoft.visualstudio/account/sivanagireddy",
        "resourceType": "microsoft.visualstudio/account",
        "resourceName": "sivanagireddy"
      }
    }
  }
]