{
  "id": "/subscriptions/e7e0ef95-773f-4eb1-bdcd-7f225965bdaa/resourceGroups/VstsRG-sivanagireddy-a4f4/providers/Microsoft.Resources/deployments/Deploy_DevOps_Project_cc-service",
  "name": "Deploy_DevOps_Project_cc-service",
  "properties": {
    "templateHash": "849443056924402893",
    "parameters": {
      "projectSettings": {
        "type": "Object",
        "value": {
          "accountName": "sivanagireddy",
          "accountLocation": "South Central US",
          "accountOperationType": "Link",
          "ownerUpn": "",
          "projectName": "cc-service",
          "subscriptionId": "e7e0ef95-773f-4eb1-bdcd-7f225965bdaa",
          "resourceGroupName": "VstsRG-sivanagireddy-a4f4",
          "processTemplateId": "adcc42ab-9882-485e-a3ed-7678f01f66bc",
          "versionControlOption": "Git"
        }
      },
      "azureAuth": {
        "type": "SecureString"
      }
    },
    "mode": "Incremental",
    "debugSetting": {
      "detailLevel": "RequestContent, ResponseContent"
    },
    "provisioningState": "Running",
    "timestamp": "2018-11-27T06:46:54.7402589Z",
    "duration": "PT7.2649174S",
    "correlationId": "a7b78ed8-dd18-4bc0-ac5e-c2bc8a3739de",
    "providers": [
      {
        "namespace": "microsoft.visualstudio",
        "resourceTypes": [
          {
            "resourceType": "account",
            "locations": [
              "southcentralus"
            ]
          },
          {
            "resourceType": "account/project",
            "locations": [
              "southcentralus"
            ]
          }
        ]
      }
    ],
    "dependencies": [
      {
        "dependsOn": [
          {
            "id": "/subscriptions/e7e0ef95-773f-4eb1-bdcd-7f225965bdaa/resourceGroups/VstsRG-sivanagireddy-a4f4/providers/microsoft.visualstudio/account/sivanagireddy",
            "resourceType": "microsoft.visualstudio/account",
            "resourceName": "sivanagireddy"
          }
        ],
        "id": "/subscriptions/e7e0ef95-773f-4eb1-bdcd-7f225965bdaa/resourceGroups/VstsRG-sivanagireddy-a4f4/providers/microsoft.visualstudio/account/sivanagireddy/project/cc-service",
        "resourceType": "microsoft.visualstudio/account/project",
        "resourceName": "sivanagireddy/cc-service"
      }
    ]
  }
}